year,country,democ,autoc,polity,xrreg,xrcomp,xropen,xconst
1990,Angola,0,7,-7,2,1,4,3
1991,Angola,-88,-88,-88,-88,-88,-88,-88
1992,Angola,-77,-77,-77,-77,-77,-77,-77
1993,Angola,-88,-88,-88,-88,-88,-88,-88
1994,Angola,-88,-88,-88,-88,-88,-88,-88
1995,Angola,-88,-88,-88,-88,-88,-88,-88
1996,Angola,-88,-88,-88,-88,-88,-88,-88
1997,Angola,1,4,-3,2,1,4,3
1998,Angola,1,4,-3,2,1,4,3
2000,Angola,1,4,-3,2,1,4,3
2001,Angola,1,4,-3,2,1,4,3
2002,Angola,2,4,-2,2,1,4,3
2003,Angola,2,4,-2,2,1,4,3
2004,Angola,2,4,-2,2,1,4,3
2005,Angola,2,4,-2,2,1,4,3
2006,Angola,2,4,-2,2,1,4,3
2007,Angola,2,4,-2,2,1,4,3
2008,Angola,2,4,-2,2,1,4,3
2009,Angola,2,4,-2,2,1,4,3
2010,Angola,2,4,-2,2,1,4,3
2011,Angola,2,4,-2,2,1,4,3
2012,Angola,2,4,-2,2,1,4,3
2013,Angola,2,4,-2,2,1,4,3
2014,Angola,2,4,-2,2,1,4,3
2015,Angola,2,4,-2,2,1,4,3
2016,Angola,2,4,-2,2,1,4,3
1990,Benin,-88,-88,-88,-88,-88,-88,-88
1991,Benin,6,0,6,2,2,4,5
1992,Benin,6,0,6,2,2,4,5
1993,Benin,6,0,6,2,2,4,5
1994,Benin,6,0,6,2,2,4,5
1995,Benin,6,0,6,2,2,4,5
1996,Benin,6,0,6,2,2,4,5
1997,Benin,6,0,6,2,2,4,5
1998,Benin,6,0,6,2,2,4,5
2000,Benin,6,0,6,2,2,4,5
2001,Benin,6,0,6,2,2,4,5
2002,Benin,6,0,6,2,2,4,5
2003,Benin,6,0,6,2,2,4,5
2004,Benin,6,0,6,2,2,4,5
2005,Benin,6,0,6,2,2,4,5
2006,Benin,7,0,7,3,3,4,5
2007,Benin,7,0,7,3,3,4,5
2008,Benin,7,0,7,3,3,4,5
2009,Benin,7,0,7,3,3,4,5
2010,Benin,7,0,7,3,3,4,5
2011,Benin,7,0,7,3,3,4,5
2012,Benin,7,0,7,3,3,4,5
2013,Benin,7,0,7,3,3,4,5
2014,Benin,7,0,7,3,3,4,5
2015,Benin,7,0,7,3,3,4,5
2016,Benin,7,0,7,3,3,4,5
1990,Burkina Faso,0,7,-7,1,0,0,1
1991,Burkina Faso,0,5,-5,2,0,0,2
1992,Burkina Faso,0,5,-5,2,0,0,2
1993,Burkina Faso,0,5,-5,2,0,0,2
1994,Burkina Faso,0,5,-5,2,0,0,2
1995,Burkina Faso,0,5,-5,2,0,0,2
1996,Burkina Faso,0,5,-5,2,0,0,2
1997,Burkina Faso,0,4,-4,2,0,0,2
1998,Burkina Faso,0,4,-4,2,0,0,2
2000,Burkina Faso,0,3,-3,2,0,0,3
2001,Burkina Faso,2,2,0,2,0,0,3
2002,Burkina Faso,2,2,0,2,0,0,3
2003,Burkina Faso,2,2,0,2,0,0,3
2004,Burkina Faso,2,2,0,2,0,0,3
2005,Burkina Faso,2,2,0,2,0,0,3
2006,Burkina Faso,2,2,0,2,0,0,3
2007,Burkina Faso,2,2,0,2,0,0,3
2008,Burkina Faso,2,2,0,2,0,0,3
2009,Burkina Faso,2,2,0,2,0,0,3
2010,Burkina Faso,2,2,0,2,0,0,3
2011,Burkina Faso,2,2,0,2,0,0,3
2012,Burkina Faso,2,2,0,2,0,0,3
2013,Burkina Faso,2,2,0,2,0,0,3
2014,Burkina Faso,2,2,0,2,0,0,3
2015,Burkina Faso,7,1,6,2,2,4,6
2016,Burkina Faso,7,1,6,2,2,4,6
1990,Botswana,7,0,7,2,2,4,6
1991,Botswana,7,0,7,2,2,4,6
1992,Botswana,7,0,7,2,2,4,6
1993,Botswana,7,0,7,2,2,4,6
1994,Botswana,7,0,7,2,2,4,6
1995,Botswana,7,0,7,2,2,4,6
1996,Botswana,7,0,7,2,2,4,6
1997,Botswana,8,0,8,2,2,4,7
1998,Botswana,8,0,8,2,2,4,7
2000,Botswana,8,0,8,2,2,4,7
2001,Botswana,8,0,8,2,2,4,7
2002,Botswana,8,0,8,2,2,4,7
2003,Botswana,8,0,8,2,2,4,7
2004,Botswana,8,0,8,2,2,4,7
2005,Botswana,8,0,8,2,2,4,7
2006,Botswana,8,0,8,2,2,4,7
2007,Botswana,8,0,8,2,2,4,7
2008,Botswana,8,0,8,2,2,4,7
2009,Botswana,8,0,8,2,2,4,7
2010,Botswana,8,0,8,2,2,4,7
2011,Botswana,8,0,8,2,2,4,7
2012,Botswana,8,0,8,2,2,4,7
2013,Botswana,8,0,8,2,2,4,7
2014,Botswana,8,0,8,2,2,4,7
2015,Botswana,8,0,8,2,2,4,7
2016,Botswana,8,0,8,2,2,4,7
1990,Burundi,0,7,-7,1,0,0,1
1991,Burundi,0,7,-7,1,0,0,1
1992,Burundi,-88,-88,-88,-88,-88,-88,-88
1993,Burundi,-77,-77,-77,-77,-77,-77,-77
1994,Burundi,-77,-77,-77,-77,-77,-77,-77
1995,Burundi,-77,-77,-77,-77,-77,-77,-77
1996,Burundi,0,5,-5,1,0,0,2
1997,Burundi,0,5,-5,1,0,0,2
1998,Burundi,1,2,-1,1,0,0,3
2000,Burundi,1,2,-1,1,0,0,3
2001,Burundi,-88,-88,-88,-88,-88,-88,-88
2002,Burundi,-88,-88,-88,-88,-88,-88,-88
2003,Burundi,-88,-88,-88,-88,-88,-88,-88
2004,Burundi,-88,-88,-88,-88,-88,-88,-88
2005,Burundi,7,1,6,2,2,4,6
2006,Burundi,7,1,6,2,2,4,6
2007,Burundi,7,1,6,2,2,4,6
2008,Burundi,7,1,6,2,2,4,6
2009,Burundi,7,1,6,2,2,4,6
2010,Burundi,7,1,6,2,2,4,6
2011,Burundi,7,1,6,2,2,4,6
2012,Burundi,7,1,6,2,2,4,6
2013,Burundi,7,1,6,2,2,4,6
2014,Burundi,7,1,6,2,2,4,6
2015,Burundi,2,3,-1,2,1,4,4
2016,Burundi,2,3,-1,2,1,4,4
1990,Cameroon,0,8,-8,2,1,4,2
1991,Cameroon,0,8,-8,2,1,4,2
1992,Cameroon,1,5,-4,2,1,4,2
1993,Cameroon,1,5,-4,2,1,4,2
1994,Cameroon,1,5,-4,2,1,4,2
1995,Cameroon,1,5,-4,2,1,4,2
1996,Cameroon,1,5,-4,2,1,4,2
1997,Cameroon,1,5,-4,2,1,4,2
1998,Cameroon,1,5,-4,2,1,4,2
2000,Cameroon,1,5,-4,2,1,4,2
2001,Cameroon,1,5,-4,2,1,4,2
2002,Cameroon,1,5,-4,2,1,4,2
2003,Cameroon,1,5,-4,2,1,4,2
2004,Cameroon,1,5,-4,2,1,4,2
2005,Cameroon,1,5,-4,2,1,4,2
2006,Cameroon,1,5,-4,2,1,4,2
2007,Cameroon,1,5,-4,2,1,4,2
2008,Cameroon,1,5,-4,2,1,4,2
2009,Cameroon,1,5,-4,2,1,4,2
2010,Cameroon,1,5,-4,2,1,4,2
2011,Cameroon,1,5,-4,2,1,4,2
2012,Cameroon,1,5,-4,2,1,4,2
2013,Cameroon,1,5,-4,2,1,4,2
2014,Cameroon,1,5,-4,2,1,4,2
2015,Cameroon,1,5,-4,2,1,4,2
2016,Cameroon,1,5,-4,2,1,4,2
1990,Central African Republic,0,7,-7,1,0,0,1
1991,Central African Republic,0,6,-6,2,0,0,1
1992,Central African Republic,0,6,-6,2,0,0,1
1993,Central African Republic,5,0,5,2,2,4,5
1994,Central African Republic,5,0,5,2,2,4,5
1995,Central African Republic,5,0,5,2,2,4,5
1996,Central African Republic,5,0,5,2,2,4,5
1997,Central African Republic,5,0,5,2,2,4,5
1998,Central African Republic,5,0,5,2,2,4,5
2000,Central African Republic,5,0,5,2,2,4,5
2001,Central African Republic,5,0,5,2,2,4,5
2002,Central African Republic,5,0,5,2,2,4,5
2003,Central African Republic,1,2,-1,1,0,0,2
2004,Central African Republic,1,2,-1,1,0,0,2
2005,Central African Republic,1,2,-1,2,0,0,3
2006,Central African Republic,1,2,-1,2,0,0,3
2007,Central African Republic,1,2,-1,2,0,0,3
2008,Central African Republic,1,2,-1,2,0,0,3
2009,Central African Republic,1,2,-1,2,0,0,3
2010,Central African Republic,1,2,-1,2,0,0,3
2011,Central African Republic,1,2,-1,2,0,0,3
2012,Central African Republic,1,2,-1,2,0,0,3
2013,Central African Republic,-77,-77,-77,-77,-77,-77,-77
2014,Central African Republic,-77,-77,-77,-77,-77,-77,-77
2015,Central African Republic,-77,-77,-77,-77,-77,-77,-77
2016,Central African Republic,7,1,6,2,2,4,7
1990,Chad,0,7,-7,1,0,0,1
1991,Chad,-88,-88,-88,-88,-88,-88,-88
1992,Chad,0,4,-4,2,0,0,2
1993,Chad,0,4,-4,2,0,0,2
1994,Chad,0,4,-4,2,0,0,2
1995,Chad,0,4,-4,2,0,0,2
1996,Chad,1,3,-2,2,0,0,2
1997,Chad,1,3,-2,2,0,0,2
1998,Chad,1,3,-2,2,0,0,2
2000,Chad,1,3,-2,2,0,0,2
2001,Chad,1,3,-2,2,0,0,2
2002,Chad,1,3,-2,2,0,0,2
2003,Chad,1,3,-2,2,0,0,2
2004,Chad,1,3,-2,2,0,0,2
2005,Chad,1,3,-2,2,0,0,2
2006,Chad,1,3,-2,2,0,0,2
2007,Chad,1,3,-2,2,0,0,2
2008,Chad,1,3,-2,2,0,0,2
2009,Chad,1,3,-2,2,0,0,2
2010,Chad,1,3,-2,2,0,0,2
2011,Chad,1,3,-2,2,0,0,2
2012,Chad,1,3,-2,2,0,0,2
2013,Chad,1,3,-2,2,0,0,2
2014,Chad,1,3,-2,2,0,0,2
2015,Chad,1,3,-2,2,0,0,2
2016,Chad,1,3,-2,2,0,0,2
1990,Comoros,5,1,4,2,2,4,5
1991,Comoros,5,1,4,2,2,4,5
1992,Comoros,5,1,4,2,2,4,5
1993,Comoros,5,1,4,2,2,4,5
1994,Comoros,5,1,4,2,2,4,5
1995,Comoros,-77,-77,-77,-77,-77,-77,-77
1996,Comoros,5,1,4,2,2,4,5
1997,Comoros,5,1,4,2,2,4,5
1998,Comoros,5,1,4,2,2,4,5
2000,Comoros,1,2,-1,1,0,0,2
2001,Comoros,2,2,0,1,0,0,2
2002,Comoros,4,0,4,2,0,0,5
2003,Comoros,4,0,4,2,0,0,5
2004,Comoros,6,0,6,2,0,0,7
2005,Comoros,6,0,6,2,0,0,7
2006,Comoros,9,0,9,3,3,4,7
2007,Comoros,9,0,9,3,3,4,7
2008,Comoros,9,0,9,3,3,4,7
2009,Comoros,9,0,9,3,3,4,7
2010,Comoros,9,0,9,3,3,4,7
2011,Comoros,9,0,9,3,3,4,7
2012,Comoros,9,0,9,3,3,4,7
2013,Comoros,9,0,9,3,3,4,7
2014,Comoros,9,0,9,3,3,4,7
2015,Comoros,9,0,9,3,3,4,7
2016,Comoros,9,0,9,3,3,4,7
1990,Equatorial Guinea,0,7,-7,1,0,0,1
1991,Equatorial Guinea,0,7,-7,1,0,0,1
1992,Equatorial Guinea,0,7,-7,1,0,0,1
1993,Equatorial Guinea,0,5,-5,1,0,0,2
1994,Equatorial Guinea,0,5,-5,1,0,0,2
1995,Equatorial Guinea,0,5,-5,1,0,0,2
1996,Equatorial Guinea,0,6,-6,1,0,0,1
1997,Equatorial Guinea,0,6,-6,1,0,0,1
1998,Equatorial Guinea,0,6,-6,1,0,0,1
2000,Equatorial Guinea,0,6,-6,1,0,0,1
2001,Equatorial Guinea,0,6,-6,1,0,0,1
2002,Equatorial Guinea,0,6,-6,1,0,0,1
2003,Equatorial Guinea,0,6,-6,1,0,0,1
2004,Equatorial Guinea,0,6,-6,1,0,0,1
2005,Equatorial Guinea,0,6,-6,1,0,0,1
2006,Equatorial Guinea,0,6,-6,1,0,0,1
2007,Equatorial Guinea,0,6,-6,1,0,0,1
2008,Equatorial Guinea,0,6,-6,1,0,0,1
2009,Equatorial Guinea,0,6,-6,1,0,0,1
2010,Equatorial Guinea,0,6,-6,1,0,0,1
2011,Equatorial Guinea,0,6,-6,1,0,0,1
2012,Equatorial Guinea,0,6,-6,1,0,0,1
2013,Equatorial Guinea,0,6,-6,1,0,0,1
2014,Equatorial Guinea,0,6,-6,1,0,0,1
2015,Equatorial Guinea,0,6,-6,1,0,0,1
2016,Equatorial Guinea,0,6,-6,1,0,0,1
1990,Ethiopia,0,8,-8,2,1,4,2
1991,Ethiopia,-77,-77,-77,-77,-77,-77,-77
1992,Ethiopia,-88,-88,-88,-88,-88,-88,-88
1993,Ethiopia,-88,-88,-88,-88,-88,-88,-88
1993,Ethiopia,-88,-88,-88,-88,-88,-88,-88
1994,Ethiopia,-88,-88,-88,-88,-88,-88,-88
1995,Ethiopia,3,2,1,2,2,4,3
1996,Ethiopia,3,2,1,2,2,4,3
1997,Ethiopia,3,2,1,2,2,4,3
1998,Ethiopia,3,2,1,2,2,4,3
2000,Ethiopia,3,2,1,2,2,4,3
2001,Ethiopia,3,2,1,2,2,4,3
2002,Ethiopia,3,2,1,2,2,4,3
2003,Ethiopia,3,2,1,2,2,4,3
2004,Ethiopia,3,2,1,2,2,4,3
2005,Ethiopia,1,4,-3,2,1,4,3
2006,Ethiopia,1,4,-3,2,1,4,3
2007,Ethiopia,1,4,-3,2,1,4,3
2008,Ethiopia,1,4,-3,2,1,4,3
2009,Ethiopia,1,4,-3,2,1,4,3
2010,Ethiopia,1,4,-3,2,1,4,3
2011,Ethiopia,1,4,-3,2,1,4,3
2012,Ethiopia,1,4,-3,2,1,4,3
2013,Ethiopia,1,4,-3,2,1,4,3
2014,Ethiopia,1,4,-3,2,1,4,3
2015,Ethiopia,1,4,-3,2,1,4,3
2016,Ethiopia,1,4,-3,2,1,4,3
1990,Gabon,-88,-88,-88,-88,-88,-88,-88
1991,Gabon,0,4,-4,2,0,0,2
1992,Gabon,0,4,-4,2,0,0,2
1993,Gabon,0,4,-4,2,0,0,2
1994,Gabon,0,4,-4,2,0,0,2
1995,Gabon,0,4,-4,2,0,0,2
1996,Gabon,0,4,-4,2,0,0,2
1997,Gabon,0,4,-4,2,0,0,2
1998,Gabon,0,4,-4,2,0,0,2
2000,Gabon,0,4,-4,2,0,0,2
2001,Gabon,0,4,-4,2,0,0,2
2002,Gabon,0,4,-4,2,0,0,2
2003,Gabon,0,4,-4,2,0,0,2
2004,Gabon,0,4,-4,2,0,0,2
2005,Gabon,0,4,-4,2,0,0,2
2006,Gabon,0,4,-4,2,0,0,2
2007,Gabon,0,4,-4,2,0,0,2
2008,Gabon,0,4,-4,2,0,0,2
2009,Gabon,4,1,3,2,2,4,4
2010,Gabon,4,1,3,2,2,4,4
2011,Gabon,4,1,3,2,2,4,4
2012,Gabon,4,1,3,2,2,4,4
2013,Gabon,4,1,3,2,2,4,4
2014,Gabon,4,1,3,2,2,4,4
2015,Gabon,4,1,3,2,2,4,4
2016,Gabon,4,1,3,2,2,4,4
1990,Ghana,0,7,-7,1,0,0,1
1991,Ghana,-88,-88,-88,-88,-88,-88,-88
1992,Ghana,1,2,-1,2,0,0,3
1993,Ghana,1,2,-1,2,0,0,3
1994,Ghana,1,2,-1,2,0,0,3
1995,Ghana,1,2,-1,2,0,0,3
1996,Ghana,3,1,2,2,0,0,4
1997,Ghana,3,1,2,2,0,0,4
1998,Ghana,3,1,2,2,0,0,4
2000,Ghana,3,1,2,2,0,0,4
2001,Ghana,7,1,6,2,2,4,6
2002,Ghana,7,1,6,2,2,4,6
2003,Ghana,7,1,6,2,2,4,6
2004,Ghana,8,0,8,3,3,4,6
2005,Ghana,8,0,8,3,3,4,6
2006,Ghana,8,0,8,3,3,4,6
2007,Ghana,8,0,8,3,3,4,6
2008,Ghana,8,0,8,3,3,4,6
2009,Ghana,8,0,8,3,3,4,6
2010,Ghana,8,0,8,3,3,4,6
2011,Ghana,8,0,8,3,3,4,6
2012,Ghana,8,0,8,3,3,4,6
2013,Ghana,8,0,8,3,3,4,6
2014,Ghana,8,0,8,3,3,4,6
2015,Ghana,8,0,8,3,3,4,6
2016,Ghana,8,0,8,3,3,4,6
1990,Guinea-Bissau,0,8,-8,2,1,4,2
1991,Guinea-Bissau,0,6,-6,2,1,4,3
1992,Guinea-Bissau,0,6,-6,2,1,4,3
1993,Guinea-Bissau,0,6,-6,2,1,4,3
1994,Guinea-Bissau,5,0,5,3,3,4,4
1995,Guinea-Bissau,5,0,5,3,3,4,4
1996,Guinea-Bissau,5,0,5,3,3,4,4
1997,Guinea-Bissau,5,0,5,3,3,4,4
1998,Guinea-Bissau,-77,-77,-77,-77,-77,-77,-77
2000,Guinea-Bissau,5,0,5,2,2,4,5
2001,Guinea-Bissau,5,0,5,2,2,4,5
2002,Guinea-Bissau,5,0,5,2,2,4,5
2003,Guinea-Bissau,1,2,-1,1,0,0,2
2004,Guinea-Bissau,1,2,-1,1,0,0,2
2005,Guinea-Bissau,6,0,6,2,2,4,6
2006,Guinea-Bissau,6,0,6,2,2,4,6
2007,Guinea-Bissau,6,0,6,2,2,4,6
2008,Guinea-Bissau,6,0,6,2,2,4,6
2009,Guinea-Bissau,7,1,6,2,2,4,6
2010,Guinea-Bissau,7,1,6,2,2,4,6
2011,Guinea-Bissau,7,1,6,2,2,4,6
2012,Guinea-Bissau,2,1,1,2,0,0,4
2013,Guinea-Bissau,2,1,1,2,0,0,4
2014,Guinea-Bissau,7,1,6,2,2,4,6
2015,Guinea-Bissau,7,1,6,2,2,4,6
2016,Guinea-Bissau,7,1,6,2,2,4,6
1990,Guinea,0,7,-7,1,0,0,1
1991,Guinea,0,5,-5,1,0,0,2
1992,Guinea,0,5,-5,1,0,0,2
1993,Guinea,0,5,-5,1,0,0,2
1994,Guinea,0,5,-5,1,0,0,2
1995,Guinea,1,2,-1,2,0,0,3
1996,Guinea,1,2,-1,2,0,0,3
1997,Guinea,1,2,-1,2,0,0,3
1998,Guinea,1,2,-1,2,0,0,3
2000,Guinea,1,2,-1,2,0,0,3
2001,Guinea,1,2,-1,2,0,0,3
2002,Guinea,1,2,-1,2,0,0,3
2003,Guinea,1,2,-1,2,0,0,3
2004,Guinea,1,2,-1,2,0,0,3
2005,Guinea,1,2,-1,2,0,0,3
2006,Guinea,1,2,-1,2,0,0,3
2007,Guinea,1,2,-1,2,0,0,3
2008,Guinea,1,2,-1,1,0,0,3
2009,Guinea,1,2,-1,1,0,0,3
2010,Guinea,3,2,1,2,2,4,3
2011,Guinea,3,2,1,2,2,4,3
2012,Guinea,3,2,1,2,2,4,3
2013,Guinea,4,0,4,2,2,4,4
2014,Guinea,4,0,4,2,2,4,4
2015,Guinea,4,0,4,2,2,4,4
2016,Guinea,4,0,4,2,2,4,4
1990,Kenya,0,7,-7,2,1,4,3
1991,Kenya,0,5,-5,2,1,4,3
1992,Kenya,0,5,-5,2,1,4,3
1993,Kenya,0,5,-5,2,1,4,3
1994,Kenya,0,5,-5,2,1,4,3
1995,Kenya,0,5,-5,2,1,4,3
1996,Kenya,0,5,-5,2,1,4,3
1997,Kenya,2,4,-2,2,1,4,3
1998,Kenya,2,4,-2,2,1,4,3
2000,Kenya,2,4,-2,2,1,4,3
2001,Kenya,2,4,-2,2,1,4,3
2002,Kenya,8,0,8,3,3,4,6
2003,Kenya,8,0,8,3,3,4,6
2004,Kenya,8,0,8,3,3,4,6
2005,Kenya,8,0,8,3,3,4,6
2006,Kenya,8,0,8,3,3,4,6
2007,Kenya,7,0,7,3,3,4,6
2008,Kenya,7,0,7,2,2,4,7
2009,Kenya,7,0,7,2,2,4,7
2010,Kenya,8,0,8,2,2,4,7
2011,Kenya,8,0,8,2,2,4,7
2012,Kenya,8,0,8,2,2,4,7
2013,Kenya,9,0,9,3,3,4,7
2014,Kenya,9,0,9,3,3,4,7
2015,Kenya,9,0,9,3,3,4,7
2016,Kenya,9,0,9,3,3,4,7
1990,Liberia,-77,-77,-77,-77,-77,-77,-77
1991,Liberia,-77,-77,-77,-77,-77,-77,-77
1992,Liberia,-77,-77,-77,-77,-77,-77,-77
1993,Liberia,-77,-77,-77,-77,-77,-77,-77
1994,Liberia,-77,-77,-77,-77,-77,-77,-77
1995,Liberia,-77,-77,-77,-77,-77,-77,-77
1996,Liberia,-88,-88,-88,-88,-88,-88,-88
1997,Liberia,3,3,0,2,2,4,2
1998,Liberia,3,3,0,2,2,4,2
2000,Liberia,3,3,0,2,2,4,2
2001,Liberia,3,3,0,2,2,4,2
2002,Liberia,3,3,0,2,2,4,2
2003,Liberia,-88,-88,-88,-88,-88,-88,-88
2004,Liberia,-88,-88,-88,-88,-88,-88,-88
2005,Liberia,-88,-88,-88,-88,-88,-88,-88
2006,Liberia,7,1,6,2,2,4,6
2007,Liberia,7,1,6,2,2,4,6
2008,Liberia,7,1,6,2,2,4,6
2009,Liberia,7,1,6,2,2,4,6
2010,Liberia,7,1,6,2,2,4,6
2011,Liberia,7,1,6,2,2,4,6
2012,Liberia,7,1,6,2,2,4,6
2013,Liberia,7,1,6,2,2,4,6
2014,Liberia,7,1,6,2,2,4,6
2015,Liberia,7,1,6,2,2,4,6
2016,Liberia,7,1,6,2,2,4,6
1990,Lesotho,0,7,-7,1,0,0,1
1991,Lesotho,0,7,-7,2,0,0,1
1992,Lesotho,0,7,-7,2,0,0,1
1993,Lesotho,8,0,8,3,3,4,7
1994,Lesotho,8,0,8,3,3,4,7
1995,Lesotho,8,0,8,3,3,4,7
1996,Lesotho,8,0,8,3,3,4,7
1997,Lesotho,8,0,8,3,3,4,7
1998,Lesotho,-77,-77,-77,-77,-77,-77,-77
2000,Lesotho,-88,-88,-88,-88,-88,-88,-88
2001,Lesotho,-88,-88,-88,-88,-88,-88,-88
2002,Lesotho,8,0,8,3,3,4,7
2003,Lesotho,8,0,8,3,3,4,7
2004,Lesotho,8,0,8,3,3,4,7
2005,Lesotho,8,0,8,3,3,4,7
2006,Lesotho,8,0,8,3,3,4,7
2007,Lesotho,8,0,8,3,3,4,7
2008,Lesotho,8,0,8,3,3,4,7
2009,Lesotho,8,0,8,3,3,4,7
2010,Lesotho,8,0,8,3,3,4,7
2011,Lesotho,8,0,8,3,3,4,7
2012,Lesotho,9,1,8,3,3,4,7
2013,Lesotho,9,1,8,3,3,4,7
2014,Lesotho,9,1,8,3,3,4,7
2015,Lesotho,9,1,8,3,3,4,7
2016,Lesotho,9,1,8,3,3,4,7
1990,Mauritania,0,7,-7,2,1,4,3
1991,Mauritania,0,6,-6,2,1,4,3
1992,Mauritania,0,6,-6,2,1,4,3
1993,Mauritania,0,6,-6,2,1,4,3
1994,Mauritania,0,6,-6,2,1,4,3
1995,Mauritania,0,6,-6,2,1,4,3
1996,Mauritania,0,6,-6,2,1,4,3
1997,Mauritania,0,6,-6,2,1,4,3
1998,Mauritania,0,6,-6,2,1,4,3
2000,Mauritania,0,6,-6,2,1,4,3
2001,Mauritania,0,6,-6,2,1,4,3
2002,Mauritania,0,6,-6,2,1,4,3
2003,Mauritania,0,6,-6,2,1,4,3
2004,Mauritania,0,6,-6,2,1,4,3
2005,Mauritania,0,5,-5,2,1,4,3
2006,Mauritania,0,3,-3,2,0,0,3
2007,Mauritania,4,0,4,2,2,4,5
2008,Mauritania,0,5,-5,1,0,0,2
2009,Mauritania,0,2,-2,2,0,0,2
2010,Mauritania,0,2,-2,2,0,0,2
2011,Mauritania,0,2,-2,2,0,0,2
2012,Mauritania,0,2,-2,2,0,0,2
2013,Mauritania,0,2,-2,2,0,0,2
2014,Mauritania,0,2,-2,2,0,0,2
2015,Mauritania,0,2,-2,2,0,0,2
2016,Mauritania,0,2,-2,2,0,0,2
1990,Madagascar,0,6,-6,2,1,4,3
1991,Madagascar,-88,-88,-88,-88,-88,-88,-88
1992,Madagascar,9,0,9,3,3,4,7
1993,Madagascar,9,0,9,3,3,4,7
1994,Madagascar,9,0,9,3,3,4,7
1995,Madagascar,9,0,9,3,3,4,7
1996,Madagascar,9,0,9,3,3,4,7
1997,Madagascar,8,0,8,3,3,4,6
1998,Madagascar,7,0,7,3,3,4,5
2000,Madagascar,7,0,7,3,3,4,5
2001,Madagascar,7,0,7,3,3,4,5
2002,Madagascar,7,0,7,3,3,4,5
2003,Madagascar,7,0,7,3,3,4,5
2004,Madagascar,7,0,7,3,3,4,5
2005,Madagascar,7,0,7,3,3,4,5
2006,Madagascar,7,0,7,3,3,4,5
2007,Madagascar,7,0,7,3,3,4,5
2008,Madagascar,7,0,7,3,3,4,5
2009,Madagascar,3,3,0,2,1,4,5
2010,Madagascar,3,3,0,2,1,4,5
2011,Madagascar,4,1,3,2,0,0,5
2012,Madagascar,4,1,3,2,0,0,5
2013,Madagascar,4,1,3,2,0,0,5
2014,Madagascar,6,0,6,2,2,4,6
2015,Madagascar,6,0,6,2,2,4,6
2016,Madagascar,6,0,6,2,2,4,6
1990,Mauritius,10,0,10,3,3,4,7
1991,Mauritius,10,0,10,3,3,4,7
1992,Mauritius,10,0,10,3,3,4,7
1993,Mauritius,10,0,10,3,3,4,7
1994,Mauritius,10,0,10,3,3,4,7
1995,Mauritius,10,0,10,3,3,4,7
1996,Mauritius,10,0,10,3,3,4,7
1997,Mauritius,10,0,10,3,3,4,7
1998,Mauritius,10,0,10,3,3,4,7
2000,Mauritius,10,0,10,3,3,4,7
2001,Mauritius,10,0,10,3,3,4,7
2002,Mauritius,10,0,10,3,3,4,7
2003,Mauritius,10,0,10,3,3,4,7
2004,Mauritius,10,0,10,3,3,4,7
2005,Mauritius,10,0,10,3,3,4,7
2006,Mauritius,10,0,10,3,3,4,7
2007,Mauritius,10,0,10,3,3,4,7
2008,Mauritius,10,0,10,3,3,4,7
2009,Mauritius,10,0,10,3,3,4,7
2010,Mauritius,10,0,10,3,3,4,7
2011,Mauritius,10,0,10,3,3,4,7
2012,Mauritius,10,0,10,3,3,4,7
2013,Mauritius,10,0,10,3,3,4,7
2014,Mauritius,10,0,10,3,3,4,7
2015,Mauritius,10,0,10,3,3,4,7
2016,Mauritius,10,0,10,3,3,4,7
1990,Malawi,0,9,-9,2,1,4,1
1991,Malawi,0,9,-9,2,1,4,1
1992,Malawi,0,9,-9,2,1,4,1
1993,Malawi,0,8,-8,2,1,4,1
1994,Malawi,6,0,6,2,2,4,5
1995,Malawi,6,0,6,2,2,4,5
1996,Malawi,6,0,6,2,2,4,5
1997,Malawi,6,0,6,2,2,4,5
1998,Malawi,6,0,6,2,2,4,5
2000,Malawi,6,0,6,2,2,4,5
2001,Malawi,5,1,4,2,2,4,4
2002,Malawi,5,1,4,2,2,4,4
2003,Malawi,6,1,5,2,2,4,5
2004,Malawi,7,1,6,2,2,4,6
2005,Malawi,6,0,6,2,2,4,6
2006,Malawi,6,0,6,2,2,4,6
2007,Malawi,6,0,6,2,2,4,6
2008,Malawi,6,0,6,2,2,4,6
2009,Malawi,6,0,6,2,2,4,6
2010,Malawi,6,0,6,2,2,4,6
2011,Malawi,6,0,6,2,2,4,6
2012,Malawi,6,0,6,2,2,4,6
2013,Malawi,6,0,6,2,2,4,6
2014,Malawi,6,0,6,2,2,4,6
2015,Malawi,6,0,6,2,2,4,6
2016,Malawi,6,0,6,2,2,4,6
1990,Mali,0,7,-7,2,0,0,1
1991,Mali,-88,-88,-88,-88,-88,-88,-88
1992,Mali,7,0,7,3,3,4,5
1993,Mali,7,0,7,3,3,4,5
1994,Mali,7,0,7,3,3,4,5
1995,Mali,7,0,7,3,3,4,5
1996,Mali,7,0,7,3,3,4,5
1997,Mali,6,0,6,3,3,4,5
1998,Mali,6,0,6,3,3,4,5
2000,Mali,6,0,6,3,3,4,5
2001,Mali,6,0,6,3,3,4,5
2002,Mali,7,0,7,3,3,4,5
2003,Mali,7,0,7,3,3,4,5
2004,Mali,7,0,7,3,3,4,5
2005,Mali,7,0,7,3,3,4,5
2006,Mali,7,0,7,3,3,4,5
2007,Mali,7,0,7,3,3,4,5
2008,Mali,7,0,7,3,3,4,5
2009,Mali,7,0,7,3,3,4,5
2010,Mali,7,0,7,3,3,4,5
2011,Mali,7,0,7,3,3,4,5
2012,Mali,-77,-77,-77,-77,-77,-77,-77
2013,Mali,6,1,5,2,2,4,5
2014,Mali,6,1,5,2,2,4,5
2015,Mali,6,1,5,2,2,4,5
2016,Mali,6,1,5,2,2,4,5
1990,Mozambique,0,7,-7,2,1,4,3
1991,Mozambique,0,6,-6,2,1,4,3
1992,Mozambique,0,6,-6,2,1,4,3
1993,Mozambique,0,6,-6,2,1,4,3
1994,Mozambique,5,0,5,2,2,4,4
1995,Mozambique,5,0,5,2,2,4,4
1996,Mozambique,5,0,5,2,2,4,4
1997,Mozambique,5,0,5,2,2,4,4
1998,Mozambique,5,0,5,2,2,4,4
2000,Mozambique,5,0,5,2,2,4,4
2001,Mozambique,5,0,5,2,2,4,4
2002,Mozambique,5,0,5,2,2,4,4
2003,Mozambique,5,0,5,2,2,4,4
2004,Mozambique,5,0,5,2,2,4,4
2005,Mozambique,5,0,5,2,2,4,4
2006,Mozambique,5,0,5,2,2,4,4
2007,Mozambique,5,0,5,2,2,4,4
2008,Mozambique,5,0,5,2,2,4,4
2009,Mozambique,5,0,5,2,2,4,4
2010,Mozambique,5,0,5,2,2,4,4
2011,Mozambique,5,0,5,2,2,4,4
2012,Mozambique,5,0,5,2,2,4,4
2013,Mozambique,6,1,5,2,2,4,5
2014,Mozambique,6,1,5,2,2,4,5
2015,Mozambique,6,1,5,2,2,4,5
2016,Mozambique,6,1,5,2,2,4,5
1990,Nigeria,0,5,-5,1,0,0,1
1991,Nigeria,0,5,-5,1,0,0,1
1992,Nigeria,0,5,-5,1,0,0,1
1993,Nigeria,0,7,-7,1,0,0,1
1994,Nigeria,0,7,-7,1,0,0,1
1995,Nigeria,0,6,-6,1,0,0,1
1996,Nigeria,0,6,-6,1,0,0,1
1997,Nigeria,0,6,-6,1,0,0,1
1998,Nigeria,-88,-88,-88,-88,-88,-88,-88
2000,Nigeria,4,0,4,2,2,4,5
2001,Nigeria,4,0,4,2,2,4,5
2002,Nigeria,4,0,4,2,2,4,5
2003,Nigeria,4,0,4,2,2,4,5
2004,Nigeria,4,0,4,2,2,4,5
2005,Nigeria,4,0,4,2,2,4,5
2006,Nigeria,4,0,4,2,2,4,5
2007,Nigeria,4,0,4,2,2,4,5
2008,Nigeria,4,0,4,2,2,4,5
2009,Nigeria,4,0,4,2,2,4,5
2010,Nigeria,4,0,4,2,2,4,5
2011,Nigeria,4,0,4,2,2,4,5
2012,Nigeria,4,0,4,2,2,4,5
2013,Nigeria,4,0,4,2,2,4,5
2014,Nigeria,4,0,4,2,2,4,5
2015,Nigeria,8,1,7,3,3,4,6
2016,Nigeria,8,1,7,3,3,4,6
1990,Niger,0,7,-7,2,1,4,3
1991,Niger,-88,-88,-88,-88,-88,-88,-88
1992,Niger,8,0,8,3,3,4,7
1993,Niger,8,0,8,3,3,4,7
1994,Niger,8,0,8,3,3,4,7
1995,Niger,8,0,8,3,3,4,7
1996,Niger,0,6,-6,1,0,0,1
1997,Niger,0,6,-6,1,0,0,1
1998,Niger,0,6,-6,1,0,0,1
2000,Niger,6,1,5,2,2,4,5
2001,Niger,6,1,5,2,2,4,5
2002,Niger,6,1,5,2,2,4,5
2003,Niger,6,1,5,2,2,4,5
2004,Niger,7,1,6,3,3,4,5
2005,Niger,7,1,6,3,3,4,5
2006,Niger,7,1,6,3,3,4,5
2007,Niger,7,1,6,3,3,4,5
2008,Niger,7,1,6,3,3,4,5
2009,Niger,0,3,-3,1,0,0,3
2010,Niger,4,1,3,2,0,0,5
2011,Niger,7,1,6,3,3,4,5
2012,Niger,7,1,6,3,3,4,5
2013,Niger,7,1,6,3,3,4,5
2014,Niger,7,1,6,3,3,4,5
2015,Niger,7,1,6,3,3,4,5
2016,Niger,6,1,5,2,2,4,5
1990,Rwanda,0,7,-7,2,0,0,1
1991,Rwanda,0,7,-7,2,0,0,1
1992,Rwanda,0,7,-7,2,0,0,1
1993,Rwanda,0,7,-7,2,0,0,1
1994,Rwanda,0,6,-6,1,0,0,2
1995,Rwanda,0,6,-6,1,0,0,2
1996,Rwanda,0,6,-6,1,0,0,2
1997,Rwanda,0,6,-6,1,0,0,2
1998,Rwanda,0,6,-6,1,0,0,2
2000,Rwanda,0,4,-4,1,0,0,2
2001,Rwanda,0,4,-4,1,0,0,2
2002,Rwanda,0,4,-4,1,0,0,2
2003,Rwanda,0,3,-3,2,0,0,3
2004,Rwanda,0,3,-3,2,0,0,3
2005,Rwanda,0,3,-3,2,0,0,3
2006,Rwanda,0,3,-3,2,0,0,3
2007,Rwanda,0,3,-3,2,0,0,3
2008,Rwanda,0,3,-3,2,0,0,3
2009,Rwanda,0,3,-3,2,0,0,3
2010,Rwanda,0,4,-4,2,0,0,3
2011,Rwanda,0,4,-4,1,0,0,3
2012,Rwanda,0,4,-4,1,0,0,3
2013,Rwanda,0,3,-3,1,0,0,3
2014,Rwanda,0,3,-3,1,0,0,3
2015,Rwanda,0,3,-3,1,0,0,3
2016,Rwanda,0,3,-3,1,0,0,3
1990,South Africa,7,2,5,3,3,4,7
1991,South Africa,7,2,5,3,3,4,7
1992,South Africa,-88,-88,-88,-88,-88,-88,-88
1993,South Africa,-88,-88,-88,-88,-88,-88,-88
1994,South Africa,9,0,9,3,3,4,7
1995,South Africa,9,0,9,3,3,4,7
1996,South Africa,9,0,9,3,3,4,7
1997,South Africa,9,0,9,3,3,4,7
1998,South Africa,9,0,9,3,3,4,7
2000,South Africa,9,0,9,3,3,4,7
2001,South Africa,9,0,9,3,3,4,7
2002,South Africa,9,0,9,3,3,4,7
2003,South Africa,9,0,9,3,3,4,7
2004,South Africa,9,0,9,3,3,4,7
2005,South Africa,9,0,9,3,3,4,7
2006,South Africa,9,0,9,3,3,4,7
2007,South Africa,9,0,9,3,3,4,7
2008,South Africa,9,0,9,3,3,4,7
2009,South Africa,9,0,9,3,3,4,7
2010,South Africa,9,0,9,3,3,4,7
2011,South Africa,9,0,9,3,3,4,7
2012,South Africa,9,0,9,3,3,4,7
2013,South Africa,9,0,9,3,3,4,7
2014,South Africa,9,0,9,3,3,4,7
2015,South Africa,9,0,9,3,3,4,7
2016,South Africa,9,0,9,3,3,4,7
1990,Senegal,2,3,-1,2,1,4,3
1991,Senegal,2,3,-1,2,1,4,3
1992,Senegal,2,3,-1,2,1,4,3
1993,Senegal,2,3,-1,2,1,4,3
1994,Senegal,2,3,-1,2,1,4,3
1995,Senegal,2,3,-1,2,1,4,3
1996,Senegal,2,3,-1,2,1,4,3
1997,Senegal,2,3,-1,2,1,4,3
1998,Senegal,2,3,-1,2,1,4,3
2000,Senegal,8,0,8,3,3,4,6
2001,Senegal,8,0,8,3,3,4,6
2002,Senegal,8,0,8,3,3,4,6
2003,Senegal,8,0,8,3,3,4,6
2004,Senegal,8,0,8,3,3,4,6
2005,Senegal,8,0,8,3,3,4,6
2006,Senegal,8,0,8,3,3,4,6
2007,Senegal,7,0,7,3,3,4,5
2008,Senegal,7,0,7,3,3,4,5
2009,Senegal,7,0,7,3,3,4,5
2010,Senegal,7,0,7,3,3,4,5
2011,Senegal,7,0,7,3,3,4,5
2012,Senegal,7,0,7,3,3,4,5
2013,Senegal,7,0,7,3,3,4,5
2014,Senegal,7,0,7,3,3,4,5
2015,Senegal,7,0,7,3,3,4,5
2016,Senegal,7,0,7,3,3,4,5
1990,Sierra Leone,0,7,-7,2,1,4,3
1991,Sierra Leone,0,6,-6,2,1,4,3
1992,Sierra Leone,0,7,-7,1,0,0,1
1993,Sierra Leone,0,7,-7,1,0,0,1
1994,Sierra Leone,0,7,-7,1,0,0,1
1995,Sierra Leone,0,7,-7,1,0,0,1
1996,Sierra Leone,5,1,4,2,2,4,5
1997,Sierra Leone,-77,-77,-77,-77,-77,-77,-77
1998,Sierra Leone,-77,-77,-77,-77,-77,-77,-77
2000,Sierra Leone,-77,-77,-77,-77,-77,-77,-77
2001,Sierra Leone,-88,-88,-88,-88,-88,-88,-88
2002,Sierra Leone,5,0,5,2,2,4,5
2003,Sierra Leone,5,0,5,2,2,4,5
2004,Sierra Leone,5,0,5,2,2,4,5
2005,Sierra Leone,5,0,5,2,2,4,5
2006,Sierra Leone,5,0,5,2,2,4,5
2007,Sierra Leone,8,1,7,3,3,4,6
2008,Sierra Leone,8,1,7,3,3,4,6
2009,Sierra Leone,8,1,7,3,3,4,6
2010,Sierra Leone,8,1,7,3,3,4,6
2011,Sierra Leone,8,1,7,3,3,4,6
2012,Sierra Leone,8,1,7,3,3,4,6
2013,Sierra Leone,8,1,7,3,3,4,6
2014,Sierra Leone,8,1,7,3,3,4,6
2015,Sierra Leone,8,1,7,3,3,4,6
2016,Sierra Leone,8,1,7,3,3,4,6
1990,Somalia,0,7,-7,2,0,0,1
1991,Somalia,-77,-77,-77,-77,-77,-77,-77
1992,Somalia,-77,-77,-77,-77,-77,-77,-77
1993,Somalia,-77,-77,-77,-77,-77,-77,-77
1994,Somalia,-77,-77,-77,-77,-77,-77,-77
1995,Somalia,-77,-77,-77,-77,-77,-77,-77
1996,Somalia,-77,-77,-77,-77,-77,-77,-77
1997,Somalia,-77,-77,-77,-77,-77,-77,-77
1998,Somalia,-77,-77,-77,-77,-77,-77,-77
2000,Somalia,-77,-77,-77,-77,-77,-77,-77
2001,Somalia,-77,-77,-77,-77,-77,-77,-77
2002,Somalia,-77,-77,-77,-77,-77,-77,-77
2003,Somalia,-77,-77,-77,-77,-77,-77,-77
2004,Somalia,-77,-77,-77,-77,-77,-77,-77
2005,Somalia,-77,-77,-77,-77,-77,-77,-77
2006,Somalia,-77,-77,-77,-77,-77,-77,-77
2007,Somalia,-77,-77,-77,-77,-77,-77,-77
2008,Somalia,-77,-77,-77,-77,-77,-77,-77
2009,Somalia,-77,-77,-77,-77,-77,-77,-77
2010,Somalia,-77,-77,-77,-77,-77,-77,-77
2011,Somalia,-66,-66,-66,-66,-66,-66,-66
2012,Somalia,5,0,5,2,2,4,6
2013,Somalia,5,0,5,2,2,4,6
2014,Somalia,5,0,5,2,2,4,6
2015,Somalia,5,0,5,2,2,4,6
2016,Somalia,5,0,5,2,2,4,6
1990,Sudan,0,7,-7,1,0,0,1
1991,Sudan,0,7,-7,1,0,0,1
1992,Sudan,0,7,-7,1,0,0,1
1993,Sudan,0,7,-7,1,0,0,1
1994,Sudan,0,7,-7,1,0,0,1
1995,Sudan,0,7,-7,1,0,0,1
1996,Sudan,0,7,-7,1,0,0,1
1997,Sudan,0,7,-7,1,0,0,1
1998,Sudan,0,7,-7,1,0,0,1
2000,Sudan,0,7,-7,1,0,0,1
2001,Sudan,0,7,-7,1,0,0,1
2002,Sudan,0,6,-6,1,0,0,1
2003,Sudan,0,6,-6,1,0,0,1
2004,Sudan,0,6,-6,1,0,0,1
2005,Sudan,0,4,-4,1,0,0,2
2006,Sudan,0,4,-4,1,0,0,2
2007,Sudan,0,4,-4,1,0,0,2
2008,Sudan,0,4,-4,1,0,0,2
2009,Sudan,0,4,-4,1,0,0,2
2010,Sudan,1,3,-2,1,0,0,2
2011,Sudan,1,3,-2,1,0,0,2
1990,Swaziland,0,10,-10,3,1,2,1
1991,Swaziland,0,10,-10,3,1,2,1
1992,Swaziland,0,10,-10,3,1,2,1
1993,Swaziland,0,9,-9,3,1,2,1
1994,Swaziland,0,9,-9,3,1,2,1
1995,Swaziland,0,9,-9,3,1,2,1
1996,Swaziland,0,9,-9,3,1,2,1
1997,Swaziland,0,9,-9,3,1,2,1
1998,Swaziland,0,9,-9,3,1,2,1
2000,Swaziland,0,9,-9,3,1,2,2
2001,Swaziland,0,9,-9,3,1,2,2
2002,Swaziland,0,9,-9,3,1,2,2
2003,Swaziland,0,9,-9,3,1,2,2
2004,Swaziland,0,9,-9,3,1,2,2
2005,Swaziland,0,9,-9,3,1,2,2
2006,Swaziland,0,9,-9,3,1,2,2
2007,Swaziland,0,9,-9,3,1,2,2
2008,Swaziland,0,9,-9,3,1,2,2
2009,Swaziland,0,9,-9,3,1,2,2
2010,Swaziland,0,9,-9,3,1,2,2
2011,Swaziland,0,9,-9,3,1,2,2
2012,Swaziland,0,9,-9,3,1,2,2
2013,Swaziland,0,9,-9,3,1,2,2
2014,Swaziland,0,9,-9,3,1,2,2
2015,Swaziland,0,9,-9,3,1,2,2
2016,Swaziland,0,9,-9,3,1,2,2
1990,Tanzania,0,6,-6,2,1,4,3
1991,Tanzania,0,6,-6,2,1,4,3
1992,Tanzania,0,5,-5,2,1,4,3
1993,Tanzania,0,5,-5,2,1,4,3
1994,Tanzania,0,5,-5,2,1,4,3
1995,Tanzania,2,3,-1,2,2,4,3
1996,Tanzania,2,3,-1,2,2,4,3
1997,Tanzania,2,3,-1,2,2,4,3
1998,Tanzania,2,3,-1,2,2,4,3
2000,Tanzania,2,3,-1,2,2,4,3
2001,Tanzania,2,3,-1,2,2,4,3
2002,Tanzania,2,3,-1,2,2,4,3
2003,Tanzania,2,3,-1,2,2,4,3
2004,Tanzania,2,3,-1,2,2,4,3
2005,Tanzania,2,3,-1,2,2,4,3
2006,Tanzania,2,3,-1,2,2,4,3
2007,Tanzania,2,3,-1,2,2,4,3
2008,Tanzania,2,3,-1,2,2,4,3
2009,Tanzania,2,3,-1,2,2,4,3
2010,Tanzania,2,3,-1,2,2,4,3
2011,Tanzania,2,3,-1,2,2,4,3
2012,Tanzania,2,3,-1,2,2,4,3
2013,Tanzania,2,3,-1,2,2,4,3
2014,Tanzania,2,3,-1,2,2,4,3
2015,Tanzania,4,1,3,2,2,4,4
2016,Tanzania,4,1,3,2,2,4,4
1990,Togo,0,7,-7,2,0,0,1
1991,Togo,-88,-88,-88,-88,-88,-88,-88
1992,Togo,-88,-88,-88,-88,-88,-88,-88
1993,Togo,1,3,-2,2,0,0,2
1994,Togo,1,3,-2,2,0,0,2
1995,Togo,1,3,-2,2,0,0,2
1996,Togo,1,3,-2,2,0,0,2
1997,Togo,1,3,-2,2,0,0,2
1998,Togo,1,3,-2,2,0,0,2
2000,Togo,1,3,-2,2,0,0,2
2001,Togo,1,3,-2,2,0,0,2
2002,Togo,1,3,-2,2,0,0,2
2003,Togo,1,3,-2,2,0,0,2
2004,Togo,1,3,-2,2,0,0,2
2005,Togo,1,5,-4,2,1,4,2
2006,Togo,1,5,-4,2,1,4,2
2007,Togo,1,5,-4,2,1,4,2
2008,Togo,1,5,-4,2,1,4,2
2009,Togo,1,5,-4,2,1,4,2
2010,Togo,1,3,-2,2,1,4,3
2011,Togo,1,3,-2,2,1,4,3
2012,Togo,1,3,-2,2,1,4,3
2013,Togo,1,3,-2,2,1,4,3
2014,Togo,1,3,-2,2,1,4,3
2015,Togo,1,3,-2,2,1,4,3
2016,Togo,1,3,-2,2,1,4,3
1990,Uganda,0,7,-7,1,0,0,1
1991,Uganda,0,7,-7,1,0,0,1
1992,Uganda,0,7,-7,1,0,0,1
1993,Uganda,0,4,-4,1,0,0,3
1994,Uganda,0,4,-4,1,0,0,3
1995,Uganda,0,4,-4,1,0,0,3
1996,Uganda,0,4,-4,2,0,0,3
1997,Uganda,0,4,-4,2,0,0,3
1998,Uganda,0,4,-4,2,0,0,3
2000,Uganda,0,4,-4,2,0,0,3
2001,Uganda,0,4,-4,2,0,0,3
2002,Uganda,0,4,-4,2,0,0,3
2003,Uganda,0,4,-4,2,0,0,3
2004,Uganda,0,4,-4,2,0,0,3
2005,Uganda,1,2,-1,2,0,0,3
2006,Uganda,1,2,-1,2,0,0,3
2007,Uganda,1,2,-1,2,0,0,3
2008,Uganda,1,2,-1,2,0,0,3
2009,Uganda,1,2,-1,2,0,0,3
2010,Uganda,1,2,-1,2,0,0,3
2011,Uganda,1,2,-1,2,0,0,3
2012,Uganda,1,2,-1,2,0,0,3
2013,Uganda,1,2,-1,2,0,0,3
2014,Uganda,1,2,-1,2,0,0,3
2015,Uganda,1,2,-1,2,0,0,3
2016,Uganda,1,2,-1,2,0,0,3
1990,Zambia,0,9,-9,2,1,4,1
1991,Zambia,6,0,6,3,3,4,5
1992,Zambia,6,0,6,3,3,4,5
1993,Zambia,6,0,6,3,3,4,5
1994,Zambia,6,0,6,3,3,4,5
1995,Zambia,6,0,6,3,3,4,5
1996,Zambia,3,2,1,2,1,4,5
1997,Zambia,3,2,1,2,1,4,5
1998,Zambia,3,2,1,2,1,4,5
2000,Zambia,3,2,1,2,1,4,5
2001,Zambia,5,0,5,2,2,4,5
2002,Zambia,5,0,5,2,2,4,5
2003,Zambia,5,0,5,2,2,4,5
2004,Zambia,5,0,5,2,2,4,5
2005,Zambia,5,0,5,2,2,4,5
2006,Zambia,5,0,5,2,2,4,5
2007,Zambia,5,0,5,2,2,4,5
2008,Zambia,7,0,7,3,3,4,5
2009,Zambia,7,0,7,3,3,4,5
2010,Zambia,7,0,7,3,3,4,5
2011,Zambia,7,0,7,3,3,4,5
2012,Zambia,7,0,7,3,3,4,5
2013,Zambia,7,0,7,3,3,4,5
2014,Zambia,7,0,7,3,3,4,5
2015,Zambia,7,0,7,3,3,4,5
2016,Zambia,6,0,6,3,3,4,5
1990,Zimbabwe,0,6,-6,2,1,4,3
1991,Zimbabwe,0,6,-6,2,1,4,3
1992,Zimbabwe,0,6,-6,2,1,4,3
1993,Zimbabwe,0,6,-6,2,1,4,3
1994,Zimbabwe,0,6,-6,2,1,4,3
1995,Zimbabwe,0,6,-6,2,1,4,3
1996,Zimbabwe,0,6,-6,2,1,4,3
1997,Zimbabwe,0,6,-6,2,1,4,3
1998,Zimbabwe,0,6,-6,2,1,4,3
2000,Zimbabwe,1,4,-3,2,1,4,3
2001,Zimbabwe,1,5,-4,2,1,4,2
2002,Zimbabwe,1,5,-4,2,1,4,2
2003,Zimbabwe,1,5,-4,2,1,4,2
2004,Zimbabwe,1,5,-4,2,1,4,2
2005,Zimbabwe,1,5,-4,2,1,4,2
2006,Zimbabwe,1,5,-4,2,1,4,2
2007,Zimbabwe,1,5,-4,2,1,4,2
2008,Zimbabwe,1,5,-4,2,1,4,2
2009,Zimbabwe,3,2,1,2,2,4,3
2010,Zimbabwe,3,2,1,2,2,4,3
2011,Zimbabwe,3,2,1,2,2,4,3
2012,Zimbabwe,3,2,1,2,2,4,3
2013,Zimbabwe,5,1,4,2,2,4,5
2014,Zimbabwe,5,1,4,2,2,4,5
2015,Zimbabwe,5,1,4,2,2,4,5
2016,Zimbabwe,5,1,4,2,2,4,5
